,TF-IDF
ums,0.3704724757160931
tage,0.28505950948921344
ca,0.22804760759137077
kommunikation,0.18523623785804655
umweltmanager,0.18523623785804655
umweltmanagementsysteme,0.18523623785804655
umsetzung,0.18523623785804655
tüv,0.18523623785804655
rheinland,0.18523623785804655
führung,0.18523623785804655
qualifikation,0.18523623785804655
anforderungen,0.18523623785804655
kontextes,0.09261811892902327
umwelterklärung,0.09261811892902327
maßnahmen,0.09261811892902327
abläufen,0.09261811892902327
dokumentation,0.09261811892902327
din,0.09261811892902327
umweltaspekte,0.09261811892902327
umweltleistungsbewertung,0.09261811892902327
prozessen,0.09261811892902327
umweltmanagement,0.09261811892902327
produktlebensweg,0.09261811892902327
umweltmanagementsystems,0.09261811892902327
compliance,0.09261811892902327
organisation,0.09261811892902327
umweltpolitik,0.09261811892902327
umgang,0.09261811892902327
emas,0.09261811892902327
kontext,0.09261811892902327
en,0.09261811892902327
forderungen,0.09261811892902327
funktion,0.09261811892902327
validierung,0.09261811892902327
gefahren,0.09261811892902327
identifikation,0.09261811892902327
rollen,0.09261811892902327
instrument,0.09261811892902327
integration,0.09261811892902327
interne,0.09261811892902327
legal,0.09261811892902327
iso,0.09261811892902327
kennzahlen,0.09261811892902327
erwartungen,0.09261811892902327
parteien,0.09261811892902327
aspekte,0.09261811892902327
verstehen,0.09261811892902327
befugnisse,0.09261811892902327
ansatz,0.09261811892902327
berücksichtigung,0.09261811892902327
beschreibung,0.09261811892902327
bewertung,0.09261811892902327
wertschöpfungskette,0.09261811892902327
auditierung,0.09261811892902327
verpflichtung,0.09261811892902327
zertifizierungsprüfung,0.09261811892902327
verantwortungen,0.09261811892902327
zertifizierung,0.08052878082657972
zertifizierungsvorbereitung,0.08052878082657972
chancen,0.07115156168245106
planung,0.07115156168245106
aufbau,0.07115156168245106
projektarbeit,0.05701190189784269
tag,0.05701190189784269
pspo,0.0
rahmen,0.0
ziel,0.0
seitendesign,0.0
scrum,0.0
quellen,0.0
scribble,0.0
quirks,0.0
schleifen,0.0
ressourcenplanung,0.0
wertmaximierung,0.0
schaltplänen,0.0
retrospektive,0.0
review,0.0
xhtml,0.0
schaltpläne,0.0
wochen,0.0
roll,0.0
variable,0.0
providersuche,0.0
ziele,0.0
prüfen,0.0
planning,0.0
position,0.0
positionierungsmöglichkeiten,0.0
übersichtszeichnungen,0.0
praxis,0.0
praxiswerkstatt,0.0
priorisierung,0.0
product,0.0
übersicht,0.0
professional,0.0
programme,0.0
programmierung,0.0
projektarbeitsprobe,0.0
projekte,0.0
überprüfung,0.0
projektergebnisse,0.0
überprüfbarkeit,0.0
projektes,0.0
projektmanagement,0.0
projektseiten,0.0
überarbeitung,0.0
prozesssteuerung,0.0
präsentation,0.0
seiteneigenschaften,0.0
software,0.0
seitenlayout,0.0
trennung,0.0
teil,0.0
teilnehmerzahl,0.0
text,0.0
texteditor,0.0
webdesign,0.0
web,0.0
textgestaltung,0.0
time,0.0
tools,0.0
transitional,0.0
transparenz,0.0
w3c,0.0
tags,0.0
vorteil,0.0
vorbereitunginstallationsaufbau,0.0
voraussetzungen,0.0
umverteilers,0.0
verwenden,0.0
verweise,0.0
verwalten,0.0
vertiefung,0.0
verdrahtung,0.0
upload,0.0
usability,0.0
team,0.0
webmaster,0.0
site,0.0
storyboard,0.0
sites,0.0
slices,0.0
vde,0.0
sprache,0.0
sprint,0.0
standard,0.0
standardkonformer,0.0
steuerschrankes,0.0
werkzeuge,0.0
websites,0.0
stile,0.0
webserver,0.0
photoshop,0.0
strict,0.0
strukturierung,0.0
stylesheets,0.0
stücklisten,0.0
webseitenerstellung,0.0
suchmaschinenoptimierung,0.0
symbolen,0.0
systemanlagendin,0.0
systeme,0.0
tabelle,0.0
tabellen,0.0
abfragen,0.0
menüs,0.0
parametrierung,0.0
bildungsbaukasten,0.0
box,0.0
browsertypen,0.0
buttondesign,0.0
bzw,0.0
cad,0.0
cc,0.0
charaktersets,0.0
css,0.0
daily,0.0
datenbank,0.0
deckblätter,0.0
definition,0.0
dieser,0.0
dokumente,0.0
dokumenten,0.0
done,0.0
dreamweaver,0.0
dropdown,0.0
editieren,0.0
einbinden,0.0
einträge,0.0
electric,0.0
elektroplanung,0.0
elemente,0.0
endgeräte,0.0
entwickler,0.0
entwicklungsarbeit,0.0
entwicklungsteams,0.0
eplan,0.0
bootstrap,0.0
bildschirm,0.0
p8,0.0
bildgalerien,0.0
adaptives,0.0
adobe,0.0
allgemeines,0.0
analyse,0.0
anbindung,0.0
anforderungsidentifikation,0.0
anker,0.0
anlegen,0.0
anmeldung,0.0
anpassung,0.0
arbeit,0.0
arbeiten,0.0
arbeitsmarkt,0.0
artefakte,0.0
aufgaben,0.0
aufgabenplanung,0.0
aufzählungen,0.0
ausbildung,0.0
ausschreibung,0.0
auswahltechniken,0.0
auswerten,0.0
backlog,0.0
barrierefreiheit,0.0
basics,0.0
bearbeitung,0.0
benutzereinstellungen,0.0
benutzeroberfläche,0.0
bildausgabe,0.0
bildbearbeitung,0.0
ereignisse,0.0
ergebnisverantwortlichkeiten,0.0
erstellen,0.0
exposé,0.0
kabelpläne,0.0
kleinsteuerungsaufgaben,0.0
knx,0.0
kompaktlehrgang,0.0
konstante,0.0
kunden,0.0
kurs,0.0
legenden,0.0
lehrgang,0.0
leitungsverlegung,0.0
links,0.0
listen,0.0
makros,0.0
management,0.0
master,0.0
mehrspaltiges,0.0
messungen,0.0
meta,0.0
missionen,0.0
mode,0.0
navigationen,0.0
navigatoren,0.0
normblättern,0.0
objekte,0.0
of,0.0
online,0.0
org,0.0
over,0.0
owner,0.0
javascript,0.0
internet,0.0
innen,0.0
grafiken,0.0
fachkräfte,0.0
farben,0.0
feinkonzept,0.0
fixes,0.0
float,0.0
form,0.0
formulare,0.0
formularen,0.0
ftp,0.0
funktionen,0.0
fälle,0.0
geräten,0.0
geräteprüfung,0.0
grafiktypen,0.0
inkrement,0.0
grundgerüst,0.0
grundlagen,0.0
hintergrund,0.0
html,0.0
html5,0.0
hyperlinks,0.0
if,0.0
iframes,0.0
imagemaps,0.0
images,0.0
inbetriebnahme,0.0
inhalt,0.0
inhalte,0.0
übungsprojekt,0.0
